Wall time,Step,Value
1709949651.313592,0,0.013141832314431667
1709950596.294284,1,0.008743351325392723
