Wall time,Step,Value
1709919250.829261,0,0.018427792936563492
1709920717.026179,1,0.011431952938437462
