Wall time,Step,Value
1709784814.569391,0,0.015407498925924301
1709789760.334031,1,0.009462033398449421
