Wall time,Step,Value
1710257379.7603,5,0.0015075630508363247
1710258617.969943,6,0.0024436323437839746
1710259856.229533,7,0.0019272594945505261
1710261094.365976,8,0.0024963668547570705
1710262333.7938,9,0.0011471719481050968
1710263572.36603,10,0.0019532230217009783
1710264811.322072,11,0.0008622693712823093
1710266049.863556,12,0.000828994088806212
1710267288.415455,13,0.0020918790251016617
