Wall time,Step,Value
1709889911.396417,0,0.005411650985479355
1709892863.882703,1,0.004420670680701733
