Wall time,Step,Value
1709793575.203839,0,0.01354989130049944
1709797404.032204,1,0.010194111615419388
