Wall time,Step,Value
1709769676.363001,0,0.005543697625398636
1709776246.774125,1,0.005859745666384697
