Wall time,Step,Value
1710269820.263047,5,0.003242312464863062
1710272336.556561,6,0.0021881586872041225
1710274853.293382,7,0.0026220453437417746
1710277368.448215,8,0.0029941019602119923
1710279885.13552,9,0.002481278730556369
1710282401.117217,10,0.002897312631830573
1710284916.58088,11,0.0022753721568733454
1710287433.155036,12,0.0017206831835210323
1710289949.143445,13,0.0024748151190578938
