Wall time,Step,Value
1709929203.677127,0,0.01028114277869463
1709931440.672947,1,0.007164346054196358
