Wall time,Step,Value
1709896019.171032,0,0.013791486620903015
1709899155.358526,1,0.008557241410017014
