Wall time,Step,Value
1709947402.389949,0,0.01482172030955553
1709948669.279251,1,0.015329157002270222
