Wall time,Step,Value
1709932313.147386,0,0.020795879885554314
1709933102.068926,1,0.01294082123786211
