Wall time,Step,Value
1709923857.422717,0,0.01726759783923626
1709926941.365325,1,0.013784087263047695
