Wall time,Step,Value
1709778056.125666,0,0.006133610382676125
1709779858.099349,1,0.006530315615236759
