Wall time,Step,Value
1710010300.135,0,0.011428464204072952
1710011027.942604,1,0.006810520775616169
1710011756.909689,2,0.005777721758931875
1710012484.317813,3,0.0032636739779263735
1710013213.56916,4,0.0029534990899264812
