Wall time,Step,Value
1710004146.20722,0,0.013391934335231781
1710005500.411866,1,0.009206891991198063
1710006855.111764,2,0.00839915033429861
1710008208.724213,3,0.005889007821679115
1710009563.359469,4,0.0062406319193542
