Wall time,Step,Value
1710168577.999228,5,0.0008313023718073964
1710171895.957497,6,0.0010056259343400598
1710175213.135035,7,0.0006207269034348428
1710178530.604427,8,0.0009270753944292665
1710181847.85778,9,0.0005415007472038269
1710185165.050058,10,0.0005383516545407474
1710188483.328264,11,0.0006419548881240189
1710191803.659906,12,0.0006829540943726897
1710195121.287434,13,0.0005646883510053158
