Wall time,Step,Value
1710018621.727039,0,0.004903971217572689
1710024001.298148,1,0.003854094073176384
1710029381.648178,2,0.004098742268979549
1710036861.851207,0,0.0022327089682221413
1710041944.249481,1,0.001998850144445896
1710047026.35915,2,0.001341349328868091
1710052108.1316,3,0.0014271257678046823
1710057188.970865,4,0.000823487585876137
