Wall time,Step,Value
1710066695.295059,0,0.007848845794796944
1710067932.192743,1,0.004757767543196678
1710069169.968021,2,0.0042163897305727005
1710070407.774287,3,0.0033900155685842037
1710071645.142133,4,0.00313557218760252
