Wall time,Step,Value
1710124192.499604,0,0.019572794437408447
1710128263.299191,1,0.01109735295176506
1710132333.693981,2,0.01072443462908268
1710136404.43536,3,0.008932025171816349
1710140474.248153,4,0.007915342226624489
