Wall time,Step,Value
1710087019.139925,0,0.030828431248664856
1710089771.777398,1,0.01565256342291832
1710092523.573208,2,0.009525956586003304
1710095278.293733,3,0.011979807168245316
1710098033.23073,4,0.007671404629945755
