Wall time,Step,Value
1710162569.038812,0,0.035514071583747864
1710163236.569418,1,0.016550594940781593
1710163903.863471,2,0.01520602311939001
1710164571.185615,3,0.009880980476737022
1710165238.163718,4,0.010322966612875462
