Wall time,Step,Value
1709853681.579305,0,0.017264079302549362
1709884570.817205,1,0.009847358800470829
