Wall time,Step,Value
1709954016.084337,0,0.023450516164302826
1709954749.525117,1,0.009847781620919704
