Wall time,Step,Value
1710148394.513721,0,0.022834641858935356
1710151769.761091,1,0.016197718679904938
1710155143.993531,2,0.012532314285635948
1710158519.430899,3,0.01149229146540165
1710161893.748235,4,0.010498246178030968
