Wall time,Step,Value
1709936450.440948,0,0.015010535717010498
1709939672.294274,1,0.012545712292194366
