Wall time,Step,Value
1709810070.000685,0,0.007387460209429264
1709822698.632814,1,0.0079205222427845
