Wall time,Step,Value
1710106969.837555,0,0.017171259969472885
1710110251.244912,1,0.010063879191875458
1710113532.649809,2,0.010284660384058952
1710116812.822719,3,0.005354262888431549
1710120093.468933,4,0.006924467161297798
