Wall time,Step,Value
1709984334.76382,0,0.0026175999082624912
1709987654.570996,1,0.001749659888446331
1709990974.740049,2,0.0014304474461823702
1709994294.226265,3,0.0009901054436340928
1709997613.74927,4,0.0007870658300817013
