Wall time,Step,Value
1709905735.564439,0,0.010526938363909721
1709911189.97493,1,0.008806007914245129
