Wall time,Step,Value
1709951905.099058,0,0.01492207683622837
1709953239.018315,1,0.013800129294395447
