Wall time,Step,Value
1709942844.172341,0,0.008850457146763802
1709946008.433631,1,0.0063301860354840755
