Wall time,Step,Value
1710058852.118796,0,0.00710762944072485
1710060501.598681,1,0.004668809939175844
1710062150.861403,2,0.0013955507893115282
1710063799.904498,3,0.002220030641183257
1710065449.088093,4,0.0030316575430333614
