Wall time,Step,Value
1710099171.152324,0,0.03147856518626213
1710100294.475625,1,0.016017410904169083
1710101417.85553,2,0.013449656777083874
1710102541.15619,3,0.013132994063198566
1710103664.155536,4,0.006074998062103987
