Wall time,Step,Value
1710141386.318437,0,0.017128100618720055
1710142289.640186,1,0.014702568762004375
1710143192.477416,2,0.012528631836175919
1710144095.538575,3,0.010689601302146912
1710144998.570435,4,0.008256418630480766
