Wall time,Step,Value
1709914467.183637,0,0.016388043761253357
1709917756.75217,1,0.012671560049057007
