Wall time,Step,Value
1709998656.479222,0,0.010712524875998497
1709999688.565521,1,0.006595151033252478
1710000719.018669,2,0.004041582811623812
1710001750.014734,3,0.004276013933122158
1710002781.27962,4,0.0016189005691558123
