Wall time,Step,Value
1710200271.734151,5,0.001046030200086534
1710205387.780808,6,0.0012130504474043846
1710210515.178786,7,0.002098007360473275
1710215642.894736,8,0.0012870756909251213
1710220768.665602,9,0.0014504422433674335
1710225894.884645,10,0.0007041390053927898
1710231021.153423,11,0.000820502988062799
1710236149.724494,12,0.0007918415358290076
1710241275.896173,13,0.0007767354254610837
