Wall time,Step,Value
1710074176.219913,0,0.010970302857458591
1710076691.102431,1,0.006881868001073599
1710079205.407514,2,0.0030986936762928963
1710081722.147178,3,0.003114469349384308
1710084237.910384,4,0.003945664502680302
