Wall time,Step,Value
1710242933.154896,5,0.0009702228708192706
1710244582.433843,6,0.0017622399609535933
1710246232.829479,7,0.0022347671911120415
1710247882.665214,8,0.0018491540104150772
1710249533.17468,9,0.00176424125675112
1710251182.548093,10,0.0014513465575873852
1710252832.792828,11,0.001548438216559589
1710254483.011024,12,0.000676131690852344
1710256133.422451,13,0.0014840352814644575
